title,link,source
​Labour of Love,https://www.nowness.com/topic/dance/labour-of-love,NOWNESS
​Just Dance: Good for the Soul,https://www.nowness.com/topic/dance/good-for-the-soul-dean-chalkley,NOWNESS
​Limber Up: City Swan,https://www.nowness.com/topic/dance/city-swan,NOWNESS
​HERD(mentality),https://www.nowness.com/topic/dance/herdmentality-benjamin-jonsson,NOWNESS
Break'in Through: Dany Dann,https://www.nowness.com/topic/dance/breakin-through-dany-dann-reebok,NOWNESS
​Ebinum Brothers: A Better World,https://www.nowness.com/topic/dance/ebinum-brothers-a-better-world,NOWNESS
​Break’in Through,https://www.nowness.com/topic/dance/breakin-through-reebok,NOWNESS
​NOWNESS Shorts: Casete Rojo,https://www.nowness.com/topic/dance/casete-rojo-victor-bastidas,NOWNESS
​An Invitation to Dream: Francesca Hayward,https://www.nowness.com/topic/dance/francesca-hayward-moncler,NOWNESS
​Non Dimenticare,https://www.nowness.com/topic/dance/non-dimenticare,NOWNESS
Just Dance: Fureur Collective,https://www.nowness.com/topic/dance/fureur-collective,NOWNESS
Grounded: Luminescence,https://www.nowness.com/topic/dance/luminescence-rhys-kosakowski,NOWNESS
​Portrait of a Dancer: Contortion,https://www.nowness.com/topic/dance/contortion-matthew-ball,NOWNESS
Biennale Danza 2023: Dance on Film,https://www.nowness.com/topic/dance/biennale-danza-2023-dance-on-film-wayne-mcgregor,NOWNESS
Body Language: Barrio Sonidero,https://www.nowness.com/topic/dance/barrio-sonidero,NOWNESS
World Ballet Day 2022: Live from The Royal Ballet,https://www.nowness.com/topic/dance/world-ballet-day-2022-live-from-the-royal-ballet,NOWNESS
Age Appropriate: Taken by the Hand,https://www.nowness.com/topic/dance/taken-by-the-hand,NOWNESS
Step by Step: Lauren Cuthbertson,https://www.nowness.com/topic/dance/step-by-step,NOWNESS
Just Dance: Unauthorized,https://www.nowness.com/topic/dance/unauthorized-fiona-apple-evan-rachel-wood-angela-trimbur,NOWNESS
Nakhane: Tell Me Your Politik feat. Moonchild Sanelly & Nile Rodgers,https://www.nowness.com/topic/dance/nakhane-tell-me-your-politik-feat-moonchild-sanelly-nile-rodgers,NOWNESS
Just Dance: I’m Here For You,https://www.nowness.com/topic/dance/just-dance-im-here-for-you,NOWNESS
Creativity. It's What Makes Us,https://www.nowness.com/topic/dance/creativity-its-what-makes-us,NOWNESS
A Rhythmic Fever,https://www.nowness.com/topic/dance/a-rhythmic-fever,NOWNESS
Just Dance: As Above So Below,https://www.nowness.com/topic/dance/as-above-so-below,NOWNESS
Melody Gardot & Philippe Powell: This Foolish Heart Could Love You,https://www.nowness.com/topic/dance/melody-gardot-philippe-powell-this-foolish-heart-could-love-you,NOWNESS
Koki Nakano: Port de Bras,https://www.nowness.com/topic/dance/koki-nakano-port-de-bras,NOWNESS
My Body is a Sculpture,https://www.nowness.com/topic/dance/my-body-is-a-sculpture-anest-collective,NOWNESS
Just Dance: 7Y98D,https://www.nowness.com/topic/dance/7y98d-ouro-rubberlegz,NOWNESS
Neptune's Dreams,https://www.nowness.com/topic/dance/neptunes-dreams,NOWNESS
Body Language: Guang Chang Wu,https://www.nowness.com/topic/dance/guang-chang-wu-new-york,NOWNESS
Inside Jacob's Pillow,https://www.nowness.com/topic/dance/inside-jacobs-pillow,NOWNESS
Body Language: Bill Shannon,https://www.nowness.com/topic/dance/bill-shannon,NOWNESS
Just Dance: Leaders of a New Regime,https://www.nowness.com/topic/dance/leaders-of-a-new-regime-lorde,NOWNESS
Meet the artists by Art Basel: Bárbara Wagner and Benjamin de Burca,https://www.nowness.com/topic/dance/barbara-wagner-benjamin-de-burca,NOWNESS
But Where Are You From?,https://www.nowness.com/topic/dance/but-where-are-you-from,NOWNESS
The First Touch,https://www.nowness.com/topic/dance/the-first-touch,NOWNESS
​Pool Without Water,https://www.nowness.com/topic/dance/pool-without-water,NOWNESS
Just Dance: Le Groupe,https://www.nowness.com/topic/dance/le-groupe-manon-bouquet,NOWNESS
NYC Ballet Fall Fashion Gala 2021,https://www.nowness.com/topic/dance/nycballet-fall-fashion-gala-2021,NOWNESS
NOWNESS Experiments: Magna Mater,https://www.nowness.com/topic/dance/magna-mater-playful-cosmo,NOWNESS
Alexander Nate: Save This Dance For Me,https://www.nowness.com/topic/dance/alexander-nate-save-this-dance-for-me,NOWNESS
Mechanical Animal,https://www.nowness.com/topic/dance/mechanical-animal-lucca-lutzky,NOWNESS
Every Step Is a Prayer,https://www.nowness.com/topic/dance/every-step-is-a-prayer-superblue-miami,NOWNESS
Just Dance: Back Beat,https://www.nowness.com/topic/dance/back-beat-tajana-b-williams,NOWNESS
Jungle: Romeo feat. Bas,https://www.nowness.com/topic/dance/jungle-romeo-bas,NOWNESS
Material Bodies,https://www.nowness.com/topic/dance/material-bodies-prosthesis-design,NOWNESS
Holly Blakey Presents: Phantom,https://www.nowness.com/topic/dance/holly-blakey-presents-phantom,NOWNESS
Just Dance: Tajabone,https://www.nowness.com/topic/dance/tajabone,NOWNESS
The Shimmering Extraordinary – Mukeni,https://www.nowness.com/topic/dance/the-shimmering-extraordinary-mukeni,NOWNESS
The Shimmering Extraordinary: Annie,https://www.nowness.com/topic/dance/scottish-ballet-annie,NOWNESS
The Shimmering Extraordinary: Hayaat Zahra,https://www.nowness.com/topic/dance/hayaat-zahra-scottish-ballet-fx-goby,NOWNESS
The Shimmering Extraordinary: Saul Nash,https://www.nowness.com/topic/dance/saul-nash-scottish-ballet-fx-goby,NOWNESS
From Heaven is Cali,https://www.nowness.com/topic/dance/salsa-calena-colombia,NOWNESS
Sylvan Esso: Numb,https://www.nowness.com/topic/dance/sylvan-esso-numb,NOWNESS
Exit 12: Moved by War,https://www.nowness.com/topic/dance/exit-12-moved-by-war,NOWNESS
Yemi Alade: Dancina:,https://www.nowness.com/topic/dance/dancina-yemi-alade,NOWNESS
We Came Here To Dance,https://www.nowness.com/topic/dance/pandemic-dance-martha-treves,NOWNESS
Black Midi: John L,https://www.nowness.com/topic/dance/black-midi-john-l-nina-mcneely,NOWNESS
BalletBoyz | Yes,https://www.nowness.com/topic/dance/balletboyz-yes,NOWNESS
Just Dance: Be Free,https://www.nowness.com/topic/dance/be-free-anthony-nti-malik-mohammed,NOWNESS
Suricata: Igwee,https://www.nowness.com/topic/dance/suricata-igwee,NOWNESS
Pauli The PSM: Don't Hold Your Breath ft. Tawiah (Kindness Edit),https://www.nowness.com/topic/dance/pauli-the-psm-dont-hold-your-breath,NOWNESS
Traplord Have Mercy,https://www.nowness.com/topic/dance/traplord-have-mercy-ivan-michael-blackstock,NOWNESS
NOWNESS Experiments: Censored,https://www.nowness.com/topic/dance/censored-the-1975-candela-capitan,NOWNESS
Ólafur Arnalds feat. Bonobo: Loom,https://www.nowness.com/topic/dance/loom-bonobo-neels-castillon-olafur-arnalds,NOWNESS
Heavy Baile: Noturno 150,https://www.nowness.com/topic/dance/heavy-baile-noturno-150,NOWNESS
Inside Chanel: Episode 29,https://www.nowness.com/topic/dance/inside-chanel-episode-29,NOWNESS
Yvonne Rainer: Trio A,https://www.nowness.com/topic/dance/yvonne-rainer-trio-a,NOWNESS
Dancing with Myself,https://www.nowness.com/topic/dance/the-cinenotes-dancing-with-myself,NOWNESS
The Sensual World,https://www.nowness.com/topic/dance/the-sensual-world,NOWNESS
And Then We Danced (2019),https://www.nowness.com/topic/dance/and-then-we-danced-2019,NOWNESS
Death of a Teen Idol,https://www.nowness.com/topic/dance/death-of-a-teen-idol-james-whiteside-yopoosh,NOWNESS
HAIM: I Know Alone,https://www.nowness.com/topic/dance/haim-i-know-alone,NOWNESS
Out of Blueprints: Dancing Eyes III (2019),https://www.nowness.com/topic/dance/dancing-eyes-iii-2019-sinae-yoo,NOWNESS
MC Hammer: U Can't Touch This,https://www.nowness.com/topic/dance/mc-hammer-u-cant-touch-this,NOWNESS
Psy: Gangnam Style,https://www.nowness.com/topic/dance/psy-gangnam-style,NOWNESS
Beyoncé: Single Ladies (Put a Ring on It),https://www.nowness.com/topic/dance/beyonce-single-ladies-put-a-ring-on-it,NOWNESS
Just Dance: Blood Echoes,https://www.nowness.com/topic/dance/blood-echoes-gabe-stone-shayer-ballet,NOWNESS
Will Butler: Anna,https://www.nowness.com/topic/dance/will-butler-anna,NOWNESS
The Night Is Young (1986),https://www.nowness.com/topic/dance/the-night-is-young-1986,NOWNESS
"Stanislaw Wegrzyn dances to Sevdaliza's ""Gole Bi Goldoon""",https://www.nowness.com/topic/dance/stanislaw-wegrzyn-dances-to-sevdalizas-gole-bi-goldoon,NOWNESS
Hania Rani: F Major,https://www.nowness.com/topic/dance/hania-rani-f-major-neels-castillon,NOWNESS
New York City Ballet: Christopher Wheeldon's This Bitter Earth,https://www.nowness.com/topic/dance/new-york-city-ballet-christopher-wheeldons-this-bitter-earth,NOWNESS
Thanks For The Dance,https://www.nowness.com/topic/dance/harley-weir-lily-cole-rowan-blanchard,NOWNESS
Just Dance: Mend,https://www.nowness.com/topic/dance/mend-chris-emile-jackson-kroopf,NOWNESS
LoveSick: Cass & Lex,https://www.nowness.com/topic/dance/cass-lex-phillip-kaminiak,NOWNESS
LoveSick: You Make Me Weak At The Knees,https://www.nowness.com/topic/dance/you-make-me-weak-at-the-knees-joseph-wilson,NOWNESS
Just Dance: Teorema,https://www.nowness.com/topic/dance/teorema-massimiliano-bomba,NOWNESS
"Mura Masa, Ellie Rowsell, Wolf Alice: Teenage Headache Dreams",https://www.nowness.com/topic/dance/mura-masa-ellie-rowsell-wolf-alice-teenage-headache-dreams,NOWNESS
BTS: Black Swan,https://www.nowness.com/topic/dance/bts-black-swan,NOWNESS
SWNSNG - Traplord of the Flyz | Breakin' Convention 2016,https://www.nowness.com/topic/dance/swnsng-traplord-of-the-flyz-breakin-convention-2016,NOWNESS
Odd Venture feat. Shannelle 'Tali' Fergus and Ivan Blackstock,https://www.nowness.com/topic/dance/odd-venture-feat-shannelle-tali-fergus-and-ivan-blackstock,NOWNESS
My Brother's Keeper,https://www.nowness.com/topic/dance/my-brothers-keeper-rodney-lucas,NOWNESS
Congos & El Diablo,https://www.nowness.com/topic/dance/congos-el-diablo-gonzo-llorente,NOWNESS
Fantasy Series Ep01,https://www.nowness.com/topic/dance/fantasy-series-ep01-florence-peake-eve-stainton,NOWNESS
"Culture, Administration & Trembling",https://www.nowness.com/topic/dance/culture-administration-trembling-antonija-livingstone,NOWNESS
Screensaver Series,https://www.nowness.com/topic/dance/screensaver-series-janine-harrington,NOWNESS
Vogue supremacy 90s ballroom style,https://www.nowness.com/topic/dance/vogue-supremacy-90s-ballroom-style,NOWNESS
Paris is Burning (clip),https://www.nowness.com/topic/dance/paris-is-burning-clip,NOWNESS
"Willi Ninja from Paris Is Burning, Vogue 1998",https://www.nowness.com/topic/dance/willi-ninja-from-paris-is-burning-vogue-1998,NOWNESS
Snowy Bing Bongs Across The North Star Combat Zone,https://www.nowness.com/topic/dance/snowy-bing-bongs-across-the-north-star-combat-zone,NOWNESS
Pina Bausch: Seasons March,https://www.nowness.com/topic/dance/pina-bausch-seasons-march-wim-wenders,NOWNESS
Divided We Scroll,https://www.nowness.com/topic/dance/divided-we-scroll-barbican-klaas-diersmann,NOWNESS
Cybergoth Dance Party,https://www.nowness.com/topic/dance/cybergoth-dance-party-world-goth-day,NOWNESS
Scottish Ballet: Frontiers,https://www.nowness.com/topic/dance/scottish-ballet-frontiers-eve-mcconnachie,NOWNESS
Heavy Baile feat. Goes: Ciranda,https://www.nowness.com/topic/dance/heavy-baile-ciranda,NOWNESS
"Picasso's set and costumes for ""Parade""",https://www.nowness.com/topic/dance/picassos-set-and-costumes-for-parade,NOWNESS
Music and dance sequences in Quentin Tarantino films,https://www.nowness.com/topic/dance/music-and-dance-sequences-in-quentin-tarantino-films,NOWNESS
Top 10 Female Soul Train Dancers of All Time,https://www.nowness.com/topic/dance/soul-train-top-dancers,NOWNESS
"March 30, 2026 ​Satisfaction: SWEETMEAT Bart Hess unpacks the paradox of attraction and repulsion as bodies lock in a fight choreography with a sweet prize",https://www.nowness.com/topic/performance/sweetmeat-bart-hess,NOWNESS
​In Motion: Absque Originis,https://www.nowness.com/topic/performance/absque-originis-mackenzy-bergile,NOWNESS
​A Waltz in C Sharp Minor,https://www.nowness.com/topic/performance/a-waltz-in-c-sharp-minor-eric-christison-precious-renee-tucker,NOWNESS
​We Exist In Time: The New York City Ballet,https://www.nowness.com/topic/performance/we-exist-in-time-the-new-york-city-ballet,NOWNESS
​Labour of Love,https://www.nowness.com/topic/performance/labour-of-love,NOWNESS
​NOWNESS Experiments: Field of Tension,https://www.nowness.com/topic/performance/field-of-tension,NOWNESS
The Choreo-photolist,https://www.nowness.com/topic/performance/the-choreo-photolist-benji-reid,NOWNESS
​The Great Mandrake,https://www.nowness.com/topic/performance/the-great-mandrake-tara-l-c-sood,NOWNESS
​In Motion: Into Orbit,https://www.nowness.com/topic/performance/into-orbit,NOWNESS
​Sound & Vision: Flee FM,https://www.nowness.com/topic/performance/flee-fm-dumas-haddad-ruff-sqwad,NOWNESS
​Sound & Vision: A Living Instrument,https://www.nowness.com/topic/performance/a-living-instrument-persian-tar,NOWNESS
​Butterfly Phase: Kelly Moran,https://www.nowness.com/topic/performance/butterfly-phase-kelly-moran,NOWNESS
​Too Much: girl in red,https://www.nowness.com/topic/performance/too-much-girl-in-red-fiona-jane-burgess-holly-blakey,NOWNESS
​The Young Ones: Driving Force,https://www.nowness.com/topic/performance/driving-force,NOWNESS
The Music Critic,https://www.nowness.com/topic/performance/the-music-critic-john-malkovich,NOWNESS
The Way of the Birds,https://www.nowness.com/topic/performance/the-way-of-the-birds-daniel-obasi,NOWNESS
Biennale Danza 2023: Altered States,https://www.nowness.com/topic/performance/biennale-danza-2023-altered-states,NOWNESS
Charro De Corazon,https://www.nowness.com/topic/performance/charro-de-corazon,NOWNESS
New York City Ballet 2021 Spring Gala,https://www.nowness.com/topic/performance/sofia-coppola-new-york-city-ballet-2021-spring-gala,NOWNESS
The Dreamers: Katia and Marielle Labéque,https://www.nowness.com/topic/performance/the-dreamers-katia-marielle-labeque-fiona-jane-burgess,NOWNESS
12 Days of Performance: Kaner Flex,https://www.nowness.com/topic/performance/kaner-flex-bunny-kinney,NOWNESS
David Bowie: Space Oddity,https://www.nowness.com/topic/performance/david-bowie-space-oddity-1973,NOWNESS
Celestial Bodies,https://www.nowness.com/topic/performance/celestial-bodies-millie-brown,NOWNESS
Stranger Than Fiction: Gospel Mime,https://www.nowness.com/topic/performance/gospel-mime-detroit-whitney-mallet,NOWNESS
Do You Like Me Now?,https://www.nowness.com/topic/performance/do-you-like-me-now-chris-shimojima,NOWNESS
The World’s Oldest Mime,https://www.nowness.com/topic/performance/the-worlds-oldest-mime,NOWNESS
Directors’ Cuts: First Date,https://www.nowness.com/topic/performance/zaiba-jabbar-first-date,NOWNESS
Peter Lindbergh x New York City Ballet,https://www.nowness.com/topic/performance/peter-lindbergh-stephen-kidd-new-york-city-ballet,NOWNESS
The Fabulous Palm Springs Follies,https://www.nowness.com/topic/performance/the-fabulous-palm-springs-danielle-levitt,NOWNESS
The Royal Ballet performs Shakespeare's Winter's Tale,https://www.nowness.com/topic/performance/winters-tale-royal-ballet-royal-opera-house,NOWNESS
Just Dance: ​Maze,https://www.nowness.com/topic/performance/maze-scottish-ballet,NOWNESS
Preston Bus Station,https://www.nowness.com/topic/performance/preston-bus-station-jamie-hawksworth,NOWNESS
Hanging in the Woods,https://www.nowness.com/topic/performance/hanging-in-the-woods,NOWNESS
Keean on the Beach,https://www.nowness.com/topic/performance/keean-johnson-on-the-beach-by-casey-brooks,NOWNESS
Who is Lonnie Holley?,https://www.nowness.com/topic/performance/who-is-lonnie-holley-by-daniel-larsen,NOWNESS
Directors’ Cuts: Jonas Åkerlund,https://www.nowness.com/topic/performance/dc-jonas-akerlund,NOWNESS
Charlie Siem: A Stylish Rendition,https://www.nowness.com/topic/performance/charlie-siem-a-stylish-rendition,NOWNESS
James Franco as Bruce Nauman,https://www.nowness.com/topic/performance/james-franco-as-bruce-nauman,NOWNESS
Call of the Wild,https://www.nowness.com/topic/performance/call-of-the-wild,NOWNESS
The Sensual World,https://www.nowness.com/series/just-dance/the-sensual-world,NOWNESS
Just Dance: Teorema,https://www.nowness.com/series/just-dance/teorema-massimiliano-bomba,NOWNESS
Just Dance: Être et Faire et Être,https://www.nowness.com/series/just-dance/etre-et-faire-et-etre-jeanne-lula-chauveau,NOWNESS
Previously in Music & Dance,https://www.nowness.com/category/music-and-dance,NOWNESS
​In Motion: Liminal Love,https://www.nowness.com/series/in-motion/liminal-love-farruquito-julien-soulier,NOWNESS
Just Dance: Tomorrow,https://www.nowness.com/series/just-dance/tomorrow-lil-buck-ode,NOWNESS
​In Motion: Machine Movements,https://www.nowness.com/series/in-motion/machine-movements-neel-soni,NOWNESS
​In Motion: Absque Originis,https://www.nowness.com/series/in-motion/absque-originis-mackenzy-bergile,NOWNESS
​Just Dance: DIS(INFORMATION)?,https://www.nowness.com/series/just-dance/disinformation-benjamin-jonsson,NOWNESS
​Moodboard: Ritual,https://www.nowness.com/series/moodboard/ritual-justyna-obasi,NOWNESS
​Just Dance: Carmen,https://www.nowness.com/series/just-dance/carmen-aviles-andrew-margetson,NOWNESS
Just Dance: The Loop,https://www.nowness.com/series/just-dance/the-loop-nicolas-huchard,NOWNESS
